id,program_id,title,speaker,duration_minutes,type,details,actual_duration,order,created_at
0346e352-3fac-47f7-99c3-8ccd2d9be33b,763f4b14-7587-43c7-a6a2-148d85c24295,Set Up Break,,5,BREAK,,,11,2026-02-24 23:29:01.046398+00
0419e296-247b-4c69-ae59-d5e16cc8359d,4e3b1012-0c6d-4d67-a7ea-b768ae18421f,Set 1 - Let all the other names fade away,,2,RECORDING,"I have made you too small in my eyes : 2 minutes
Let all the other names fade away : 2minutes 
I’m no longer a slave to fear
I hear the chains falling : 2minutes
The dawning of a new day : 2minutes
Oh oh oh oh oh : 2minutes
Komai na naka ne (I’m surrendered to you, my Jesus) : 2minutes
Oh oh  oh oh oh : 2minutes
Signing in tongue : 2minutes
My weapons are not carnal (2,4,5,6) : 2minutes
Call his name Jesus/Hosanna : 2minutes
I will call upon the Lord* : 2minutes",,2,2025-12-20 17:59:55.737213+00
055d3aa2-18fd-41c9-b007-9a654482cf3f,241b69d7-3f8e-476e-a8e4-de537f3b3b0b,1st Timers Welcome / Announcement,Choir,5,TALK,TO GOD TO THE GLORY,,7,2026-02-23 23:07:44.577075+00
06e47748-07a0-40be-b3ca-5bf5a599bd38,2bb738e8-1625-4573-b229-163577715396,Welcome/Call To Worship,Pastor,4,TALK,Psalms 150:1-6,2,2,2025-12-17 13:44:32.81145+00
097f5d3a-a980-4d69-accd-a9cc103a9314,2bb738e8-1625-4573-b229-163577715396,Congr. Hymn,Choir,4,TALK,TO GOD TO THE GLORY,0,3,2025-12-17 13:44:32.81145+00
09e03e7b-7c3f-4173-bcc2-784aaf961c59,4e3b1012-0c6d-4d67-a7ea-b768ae18421f,Set 1 - The dawning of a new day,,2,RECORDING,"I have made you too small in my eyes : 2 minutes
Let all the other names fade away : 2minutes 
I’m no longer a slave to fear
I hear the chains falling : 2minutes
The dawning of a new day : 2minutes
Oh oh oh oh oh : 2minutes
Komai na naka ne (I’m surrendered to you, my Jesus) : 2minutes
Oh oh  oh oh oh : 2minutes
Signing in tongue : 2minutes
My weapons are not carnal (2,4,5,6) : 2minutes
Call his name Jesus/Hosanna : 2minutes
I will call upon the Lord* : 2minutes",,5,2025-12-20 17:59:55.737213+00
0a987172-8e7f-4ed6-890b-1b6fad94ca08,4e3b1012-0c6d-4d67-a7ea-b768ae18421f,Set 1 - I hear the chains falling,,2,RECORDING,"I have made you too small in my eyes : 2 minutes
Let all the other names fade away : 2minutes 
I’m no longer a slave to fear
I hear the chains falling : 2minutes
The dawning of a new day : 2minutes
Oh oh oh oh oh : 2minutes
Komai na naka ne (I’m surrendered to you, my Jesus) : 2minutes
Oh oh  oh oh oh : 2minutes
Signing in tongue : 2minutes
My weapons are not carnal (2,4,5,6) : 2minutes
Call his name Jesus/Hosanna : 2minutes
I will call upon the Lord* : 2minutes",,4,2025-12-20 17:59:55.737213+00
0bd02c17-80af-43d7-a87f-dfff83f1b67e,061b2cdd-4c3d-47dc-99f5-d3237819dceb,Ministration/Special High Praise Ministration,,8,TALK,,8,5,2026-02-23 23:06:19.195111+00
0d9429fe-5871-4b4b-9a43-79ad46662741,763f4b14-7587-43c7-a6a2-148d85c24295,Refreshments/ Set down,,10,SET DOWN,,,18,2026-02-24 23:29:01.046398+00
0e87b4ea-fdf1-4aef-91f0-9582a3f56968,b7640061-ae33-4b3c-bfdd-2c04d74ef6d0,Ministration 8,Children’s Church,7,MINISTER,,0,15,2025-12-20 15:00:32.933665+00
0efae2bd-3932-42db-872a-b6fcc6e360b5,11c7f659-e48c-4a07-84fd-6d91034ec9bd,Opening Remarks,Dr. Alex Rivera,3,TALK,,,0,2025-12-14 14:26:14.337665+00
0f9361a5-b87f-4eda-8549-0b80b8cf5dc5,46ce95fe-192e-4764-93e2-6cecc414cb66,Choir Special Ministration,Choir,7,TALK,,7,2,2025-12-24 15:21:33.573662+00
0fbd04cb-d6bc-49d7-8e9e-df30072cefe4,b7640061-ae33-4b3c-bfdd-2c04d74ef6d0,"Bible Reading 1 - Luke 1:26-35, 38",Pastor,3,READING,"Luke 1:26-35, 38",0,9,2025-12-20 15:00:32.933665+00
0fdba7d7-6037-4cfd-a0e3-9c08cac7d107,6a3dbede-fd10-4cf8-9d52-f1d984acd97d,The Word/Altar Call,TBA,35,TALK,,,3,2026-02-25 00:10:58.743395+00
179792ae-86b3-404a-bc59-e263eedd7666,4e3b1012-0c6d-4d67-a7ea-b768ae18421f,Prayer/Praise/Worship Interval,,10,RECORDING,,0,23,2025-12-20 17:59:55.737213+00
18084034-a5a9-4656-a202-660965187854,d49eadf0-cff6-442a-b545-e8e9b1d5e6c7,Highlights / 1st Timers / Prophetic Blessings / Closing,,4,TALK,,0,12,2026-02-25 12:16:42.648829+00
1bd5ea0e-2494-4a86-879d-f9037bc7a2ff,2bb738e8-1625-4573-b229-163577715396,Special Shiloh Update / 1st Timers Welcome,Choir,4,TALK,TO GOD TO THE GLORY,,7,2025-12-17 13:44:32.81145+00
1bee385a-a5c6-43c0-b448-1a91d22b60fa,d49eadf0-cff6-442a-b545-e8e9b1d5e6c7,Congr. Hymn,Choir,5,TALK,WE PRAISE THEE O GOD(REVIVE US AGAIN),5,3,2026-02-25 12:16:42.648829+00
1c86e3f1-a31b-4a47-a91e-b7829b361f44,b7640061-ae33-4b3c-bfdd-2c04d74ef6d0,WCMI Choir 1,Choir,11,MINISTER,,0,8,2025-12-20 15:00:32.933665+00
1dd3b7a0-9d48-4dc7-b7d8-ba76f498ee19,46ce95fe-192e-4764-93e2-6cecc414cb66,Announcement Time,Pastor,4,TALK,TO GOD TO THE GLORY,4,12,2025-12-24 15:21:33.573662+00
1e5d2e7c-fe4e-4eb1-b1f6-af9d0f4c4c5d,46ce95fe-192e-4764-93e2-6cecc414cb66,Shiloh Thanksgiving Prayer,Pastor,4,TALK,TO GOD TO THE GLORY,4,11,2025-12-24 15:21:33.573662+00
1f348e74-430f-47c0-8c25-ec76daf74a9f,4e3b1012-0c6d-4d67-a7ea-b768ae18421f,Set Up Break,,5,BREAK,,0,13,2025-12-20 17:59:55.737213+00
1f51741f-ad55-4438-a340-d3e21fd6498c,4e3b1012-0c6d-4d67-a7ea-b768ae18421f,Set 3 - Ah ya eh,,2,RECORDING,"Judgement of the Lord : 3 minutes 
Ah ya eh : 2 minutes
I am the wind : 3 minutes
Release your sound : 2 minutes
Heir of Zion : 3 minutes
I will not fall, I will not fail : 2 minutes
I am the wind : 2 minutes
Heir of Zion : 2 minutes
Ah ya eh : 1 minute",,15,2025-12-20 17:59:55.737213+00
213652d2-138e-421a-98dd-071174e1a925,6a3dbede-fd10-4cf8-9d52-f1d984acd97d,Documented and Live Testimonies,TBA,4,TALK,,4,11,2026-02-25 00:10:58.743395+00
21747792-6270-4c7e-aed4-a2f9501ac712,6a3dbede-fd10-4cf8-9d52-f1d984acd97d,Welcome / Call To Worship - Psalm 92:1-15,TBA,3,TALK,,3,8,2026-02-25 00:10:58.743395+00
21821f04-9ae8-4c17-b5c7-4851fac983e9,2bb738e8-1625-4573-b229-163577715396,Opening Expectation Prayer,Pastor,2,TALK,,2,0,2025-12-17 13:44:32.81145+00
22d4485a-160b-4e37-a7d0-2b92c1f47f8e,d49eadf0-cff6-442a-b545-e8e9b1d5e6c7,Praise & Worship,Choir,10,TALK,,10,1,2026-02-25 12:16:42.648829+00
2341083a-cf98-4303-829f-630daeca9935,536bb048-87bf-4d00-b2c9-c7431bf596c7,Interactive Q&A,Taylor Kim,3,TALK,,,2,2025-12-14 10:38:13.987825+00
239bdba7-52ce-4fb8-bc11-6c8a9e3a6208,46ce95fe-192e-4764-93e2-6cecc414cb66,Congr. Hymn,Choir,4,TALK,TO GOD TO THE GLORY,4,10,2025-12-24 15:21:33.573662+00
249d9314-28a5-4d50-809b-5c90819f8af9,763f4b14-7587-43c7-a6a2-148d85c24295,Opening Prayer,,5,PRAYER,,14,0,2026-02-24 23:29:01.046398+00
25d84774-0b86-4b58-ac0d-637b382d7699,b7640061-ae33-4b3c-bfdd-2c04d74ef6d0,Ministration 4 (YAF Drama),Blaze,10,MINISTER,,0,10,2025-12-20 15:00:32.933665+00
260f44cf-9854-420d-ad54-1bd975390a57,763f4b14-7587-43c7-a6a2-148d85c24295,Prayer/Praise/Worship Interval,,10,RECORDING,,,13,2026-02-24 23:29:01.046398+00
2894f223-75f3-474a-932d-0a4f96f32c91,46ce95fe-192e-4764-93e2-6cecc414cb66,Ministration / Special Encounter High Praise,Resident Pastor,15,TALK,,15,4,2025-12-24 15:21:33.573662+00
2a798dcd-d63c-479b-bf77-e67d2e7f325f,46ce95fe-192e-4764-93e2-6cecc414cb66,The Word/Altar Call,Resident Pastor,30,TALK,,,3,2025-12-24 15:21:33.573662+00
2e924082-6982-4631-9f7f-ae3810dce235,763f4b14-7587-43c7-a6a2-148d85c24295,Closing Prayers,,5,RECORDING,,,17,2026-02-24 23:29:01.046398+00
306215e6-9f3e-4f51-a33e-88e67ac8a843,061b2cdd-4c3d-47dc-99f5-d3237819dceb,1st Timers Welcome,Pastor,4,TALK,TO GOD TO THE GLORY,4,1,2026-02-23 23:06:19.195111+00
326c9c72-5324-4695-9103-4c80bb25026e,4e3b1012-0c6d-4d67-a7ea-b768ae18421f,Set 1 - I’m no longer a slave to fear,,2,RECORDING,"I have made you too small in my eyes : 2 minutes
Let all the other names fade away : 2minutes 
I’m no longer a slave to fear
I hear the chains falling : 2minutes
The dawning of a new day : 2minutes
Oh oh oh oh oh : 2minutes
Komai na naka ne (I’m surrendered to you, my Jesus) : 2minutes
Oh oh  oh oh oh : 2minutes
Signing in tongue : 2minutes
My weapons are not carnal (2,4,5,6) : 2minutes
Call his name Jesus/Hosanna : 2minutes
I will call upon the Lord* : 2minutes",,3,2025-12-20 17:59:55.737213+00
33ad2fad-d69b-4eff-968a-6b68e4b8b50e,46ce95fe-192e-4764-93e2-6cecc414cb66,"Offering, Tithe & Other Giving",Pastor,2,TALK,,2,1,2025-12-24 15:21:33.573662+00
348f2c12-cf6d-4c3e-88cf-2e122935bae0,061b2cdd-4c3d-47dc-99f5-d3237819dceb,Choir Ministration,Choir,8,TALK,,8,3,2026-02-23 23:06:19.195111+00
35c96117-7c62-433d-be27-972a65ed0f5a,b7640061-ae33-4b3c-bfdd-2c04d74ef6d0,Celebration Praise,Choir,15,PRAISE,,15,22,2025-12-20 15:00:32.933665+00
3754b581-242c-428a-bf20-fae76889166a,d49eadf0-cff6-442a-b545-e8e9b1d5e6c7,Welcome/Call To Worship,Pastor,3,TALK,Psalms 126:1-6,3,2,2026-02-25 12:16:42.648829+00
392a27b9-3916-4a36-9f22-7e6db809af5d,6a3dbede-fd10-4cf8-9d52-f1d984acd97d,Special Choir Ministration,TBA,8,TALK,,8,2,2026-02-25 00:10:58.743395+00
406e51e1-698e-47da-ae4a-0daec6e64139,11c7f659-e48c-4a07-84fd-6d91034ec9bd,Closing and Next Steps,Morgan Patel,3,TALK,,,3,2025-12-14 14:26:14.337665+00
40a9af63-8149-4c1c-842b-e9f1cd20c6a9,061b2cdd-4c3d-47dc-99f5-d3237819dceb,Prophetic Focus for January 2026,Pastor,5,TALK,TO GOD TO THE GLORY,4,0,2026-02-23 23:06:19.195111+00
41584585-f906-42d9-95af-dfb11c64aad7,d49eadf0-cff6-442a-b545-e8e9b1d5e6c7,Testimonies (Doc. & Live),Pastor,5,TALK,TO GOD TO THE GLORY,5,5,2026-02-25 12:16:42.648829+00
41bc85c8-b01d-403f-8a51-997333dd2cd4,2bb738e8-1625-4573-b229-163577715396,Choir Special Ministration,Choir,7,TALK,,6,9,2025-12-17 13:44:32.81145+00
443e6b44-0e9c-4347-85e1-058816d81197,4e3b1012-0c6d-4d67-a7ea-b768ae18421f,Closing Prayers,,5,RECORDING,,,31,2025-12-20 17:59:55.737213+00
45339a68-3654-4cb8-b123-ccec078e60f1,4e3b1012-0c6d-4d67-a7ea-b768ae18421f,Set 2 - I’m coming back to the heart of worship,,3,RECORDING,"Enter His gate with Thanksgiving Worship (Grace Idowu/Victor Thompson Style)

I will enter His gates with thanksgiving in my heart : 3 Minutes
Thank you Jesus, thank you my Lord: 3minutes
I’m coming back to the heart of worship: 3minutes
Oh Lord I am very very grateful : 3 minutes
I will never be ungrateful to you Lord : 3 minutes
Thank you for winning my battles for me : 3 minutes",,25,2025-12-20 17:59:55.737213+00
458468c9-79fa-4d12-aa20-020720a9af1a,763f4b14-7587-43c7-a6a2-148d85c24295,Set 4,,20,RECORDING,"Adullam : 12 minutes
Jesus and me : 8 minutes",,14,2026-02-24 23:29:01.046398+00
478768e1-0311-4009-949e-ebacf8bb175b,4e3b1012-0c6d-4d67-a7ea-b768ae18421f,Set 1 - Signing in tongue,,2,RECORDING,"I have made you too small in my eyes : 2 minutes
Let all the other names fade away : 2minutes 
I’m no longer a slave to fear
I hear the chains falling : 2minutes
The dawning of a new day : 2minutes
Oh oh oh oh oh : 2minutes
Komai na naka ne (I’m surrendered to you, my Jesus) : 2minutes
Oh oh  oh oh oh : 2minutes
Signing in tongue : 2minutes
My weapons are not carnal (2,4,5,6) : 2minutes
Call his name Jesus/Hosanna : 2minutes
I will call upon the Lord* : 2minutes",,9,2025-12-20 17:59:55.737213+00
49ad5cce-698b-4db5-b337-1b67abd33871,4e3b1012-0c6d-4d67-a7ea-b768ae18421f,Set 2 - I will never be ungrateful to you Lord,,3,RECORDING,"Enter His gate with Thanksgiving Worship (Grace Idowu/Victor Thompson Style)

I will enter His gates with thanksgiving in my heart : 3 Minutes
Thank you Jesus, thank you my Lord: 3minutes
I’m coming back to the heart of worship: 3minutes
Oh Lord I am very very grateful : 3 minutes
I will never be ungrateful to you Lord : 3 minutes
Thank you for winning my battles for me : 3 minutes",,28,2025-12-20 17:59:55.737213+00
4a78e121-59b5-4c54-8066-844eacefb0eb,4e3b1012-0c6d-4d67-a7ea-b768ae18421f,Set 3 - Judgement of the Lord,,3,RECORDING,"Judgement of the Lord : 3 minutes 
Ah ya eh : 2 minutes
I am the wind : 3 minutes
Release your sound : 2 minutes
Heir of Zion : 3 minutes
I will not fall, I will not fail : 2 minutes
I am the wind : 2 minutes
Heir of Zion : 2 minutes
Ah ya eh : 1 minute",,14,2025-12-20 17:59:55.737213+00
4bd54122-80b9-42c0-a11e-fafc41464a24,241b69d7-3f8e-476e-a8e4-de537f3b3b0b,After Service Praise / WOFBI Interactive Session,,5,TALK,,0,13,2026-02-23 23:07:44.577075+00
4c1ee2ad-7611-4d35-ba44-5b1aaeff2219,4e3b1012-0c6d-4d67-a7ea-b768ae18421f,Set 1 - I have made you too small in my eyes,,2,RECORDING,"I have made you too small in my eyes : 2 minutes
Let all the other names fade away : 2minutes 
I’m no longer a slave to fear
I hear the chains falling : 2minutes
The dawning of a new day : 2minutes
Oh oh oh oh oh : 2minutes
Komai na naka ne (I’m surrendered to you, my Jesus) : 2minutes
Oh oh  oh oh oh : 2minutes
Signing in tongue : 2minutes
My weapons are not carnal (2,4,5,6) : 2minutes
Call his name Jesus/Hosanna : 2minutes
I will call upon the Lord* : 2minutes",,1,2025-12-20 17:59:55.737213+00
5114a88f-3a2f-422b-b58d-4ef2145d7c31,a0a8780c-f39c-4223-812f-0a16437cf856,New Session,,30,TALK,,,0,2026-02-25 14:27:18.908971+00
51d337f9-c78f-4f61-9ab9-b4308ceadc8b,4e3b1012-0c6d-4d67-a7ea-b768ae18421f,Set 3 - Heir of Zion,,3,RECORDING,"Judgement of the Lord : 3 minutes 
Ah ya eh : 2 minutes
I am the wind : 3 minutes
Release your sound : 2 minutes
Heir of Zion : 3 minutes
I will not fall, I will not fail : 2 minutes
I am the wind : 2 minutes
Heir of Zion : 2 minutes
Ah ya eh : 1 minute",,18,2025-12-20 17:59:55.737213+00
51fe866e-0e80-443d-b01e-4605be8f631e,763f4b14-7587-43c7-a6a2-148d85c24295,Set 1 rehearsal,,20,REHEARSAL,,,6,2026-02-24 23:29:01.046398+00
5367ad1f-3dd2-4dc3-af1d-7e479d7e3233,763f4b14-7587-43c7-a6a2-148d85c24295,Set 1,,20,RECORDING,"I have made you too small in my eyes : 2 minutes
Let all the other names fade away : 2minutes 
I’m no longer a slave to fear
I hear the chains falling : 2minutes
The dawning of a new day : 2minutes
Oh oh oh oh oh : 2minutes
Komai na naka ne (I’m surrendered to you, my Jesus) : 2minutes
Oh oh  oh oh oh : 2minutes
Signing in tongue : 2minutes
My weapons are not carnal (2,4,5,6) : 2minutes
Call his name Jesus/Hosanna : 2minutes
I will call upon the Lord* : 2minutes",,10,2026-02-24 23:29:01.046398+00
53e024df-1204-40b6-9bff-d07344de78f8,b7640061-ae33-4b3c-bfdd-2c04d74ef6d0,Opening Prayer,Pastor,3,PRAYER,,0,0,2025-12-20 15:00:32.933665+00
550e8400-e29b-41d4-a716-446655440001,550e8400-e29b-41d4-a716-446655440000,Opening Remarks,Alice Johnson,1,KEYNOTE,"Welcome address covering the conference theme 'Innovating for Tomorrow'. We will review the day's schedule, logistics, safety protocols, and introduce our key sponsors.",1,0,2025-12-24 12:39:55.813784+00
550e8400-e29b-41d4-a716-446655440002,550e8400-e29b-41d4-a716-446655440000,AI in Healthcare,Dr. Bob Smith,1,TALK,A deep dive into how large language models are transforming diagnostic processes. Includes case studies from recent deployments in major urban hospitals and a look at the ethical considerations of AI in patient care.,0,1,2025-12-24 12:39:55.813784+00
550e8400-e29b-41d4-a716-446655440003,550e8400-e29b-41d4-a716-446655440000,Coffee Break,,1,BREAK,"Networking opportunity in the main foyer. Refreshments and light snacks provided by our gold sponsor, TechCorp. Please take this time to visit the exhibitor booths.",1,2,2025-12-24 12:39:55.813784+00
550e8400-e29b-41d4-a716-446655440004,550e8400-e29b-41d4-a716-446655440000,Quantum Computing Panel,Panelists,1,PRAYER,"Expert panel discussion on the current state of quantum supremacy. Featuring guests from leading research labs and universities. Topics include error correction, qubit scalability, and post-quantum cryptography.",1,3,2025-12-24 12:39:55.813784+00
550e8400-e29b-41d4-a716-446655440006,550e8400-e29b-41d4-a716-446655440005,Legacy Migration Strategies,Sarah Oldman,1,TALK,Strategies for moving monolithic architectures to microservices without downtime. Lessons learned from the 2023 migration project.,,0,2025-12-13 08:09:38.756587+00
550e8400-e29b-41d4-a716-446655440007,550e8400-e29b-41d4-a716-446655440005,Closing Ceremony,CEO,1,KEYNOTE,"Wrap up of the 2024 summit, awards for best hackathon projects, and announcement of the 2025 venue.",,1,2025-12-13 08:09:38.756587+00
5633e4de-dcd1-4add-bb43-0085b3171918,46ce95fe-192e-4764-93e2-6cecc414cb66,Special Shiloh Update / 1st Timers Welcome,Choir,4,TALK,TO GOD TO THE GLORY,,0,2025-12-24 15:21:33.573662+00
578e305b-fb29-4d13-9c94-3afb12579fad,2bb738e8-1625-4573-b229-163577715396,"Offering, Tithe & Other Giving",Pastor,2,TALK,,,8,2025-12-17 13:44:32.81145+00
585e3831-2fed-41d4-944d-a2309bf90a67,46ce95fe-192e-4764-93e2-6cecc414cb66,Testimonies (Doc. & Live),Pastor,4,TALK,TO GOD TO THE GLORY,4,13,2025-12-24 15:21:33.573662+00
5911520f-af50-4767-9219-ac0615ae53c1,6a3dbede-fd10-4cf8-9d52-f1d984acd97d,Announcement Time,TBA,4,TALK,,4,10,2026-02-25 00:10:58.743395+00
5a16722c-ea6b-4c87-8474-88aa409ccd67,2bb738e8-1625-4573-b229-163577715396,Shiloh Thanksgiving Prayer,Pastor,4,TALK,TO GOD TO THE GLORY,4,4,2025-12-17 13:44:32.81145+00
5ba4f76d-08a8-44b7-bd3c-8987b4a65703,b7640061-ae33-4b3c-bfdd-2c04d74ef6d0,Praise and Worship,Levites,10,PRAISE,,0,1,2025-12-20 15:00:32.933665+00
5d10d5eb-c83c-49f9-8f15-20570960f583,d49eadf0-cff6-442a-b545-e8e9b1d5e6c7,The Word/Altar Call,Resident Pastor,40,TALK,,40,10,2026-02-25 12:16:42.648829+00
5ffa13b2-db59-487e-ad45-f54eba2f30b4,b7640061-ae33-4b3c-bfdd-2c04d74ef6d0,Offering,Pastor,3,PRAYER & OFERING,,0,19,2025-12-20 15:00:32.933665+00
6064f137-bbd6-4354-91ef-273165e61c9e,b7640061-ae33-4b3c-bfdd-2c04d74ef6d0,Ministration 1,Sister Ibifiri,7,MINISTER,,0,5,2025-12-20 15:00:32.933665+00
61fa8361-d792-4a73-8e36-53f8811b3189,4e3b1012-0c6d-4d67-a7ea-b768ae18421f,Welcome to Zion,,2,RECORDING,,0,0,2025-12-20 17:59:55.737213+00
62171f76-542e-4c84-be12-36f76d0e6d9d,4e3b1012-0c6d-4d67-a7ea-b768ae18421f,Set 2 - I will enter His gates with thanksgiving in my heart,,3,RECORDING,"Enter His gate with Thanksgiving Worship (Grace Idowu/Victor Thompson Style)

I will enter His gates with thanksgiving in my heart : 3 Minutes
Thank you Jesus, thank you my Lord: 3minutes
I’m coming back to the heart of worship: 3minutes
Oh Lord I am very very grateful : 3 minutes
I will never be ungrateful to you Lord : 3 minutes
Thank you for winning my battles for me : 3 minutes",,26,2025-12-20 17:59:55.737213+00
6343700e-a1dc-408c-afba-b6d961bf506a,46ce95fe-192e-4764-93e2-6cecc414cb66,After Service Praise / Interactive Session,,5,TALK,,5,6,2025-12-24 15:21:33.573662+00
649af43f-1e92-4a8c-a2f6-44029757b132,d49eadf0-cff6-442a-b545-e8e9b1d5e6c7,Choir Ministration,Choir,8,TALK,,8,9,2026-02-25 12:16:42.648829+00
64c8f1e6-455b-4022-ab05-92f73654c528,763f4b14-7587-43c7-a6a2-148d85c24295,Set 3,,20,RECORDING,"Judgement of the Lord : 3 minutes 
Ah ya eh : 2 minutes
I am the wind : 3 minutes
Release your sound : 2 minutes
Heir of Zion : 3 minutes
I will not fall, I will not fail : 2 minutes
I am the wind : 2 minutes
Heir of Zion : 2 minutes
Ah ya eh : 1 minute",,12,2026-02-24 23:29:01.046398+00
665942cb-8dd2-40e0-99a9-137a4dfcb932,d49eadf0-cff6-442a-b545-e8e9b1d5e6c7,Announcement Time,Pastor,5,TALK,TO GOD TO THE GLORY,5,4,2026-02-25 12:16:42.648829+00
68d31c10-c689-4c0e-8113-4bfaeb469330,b7640061-ae33-4b3c-bfdd-2c04d74ef6d0,Ministration 5,Bro Bamidele & Friends,7,MINISTER,,0,11,2025-12-20 15:00:32.933665+00
6b38b180-088a-4cea-8794-c8459fc58f8d,6a3dbede-fd10-4cf8-9d52-f1d984acd97d,Praise & Worship,WCIMCR Choir,8,praise,,8,7,2026-02-25 00:10:58.743395+00
6cee243b-9608-4c4c-8220-44d438a225ba,4e3b1012-0c6d-4d67-a7ea-b768ae18421f,Set 2 - Jesus and me,,2,RECORDING,"Adullam : 12 minutes
Jesus and me : 8 minutes",0,30,2025-12-20 17:59:55.737213+00
6d81ea31-a21b-4599-b7c6-31f1f2f7a6d8,b7640061-ae33-4b3c-bfdd-2c04d74ef6d0,Ministration 6,Teens Church,7,MINISTER,,0,12,2025-12-20 15:00:32.933665+00
6e19c766-1f6e-439e-8b6c-28ac7f3fc73c,b7640061-ae33-4b3c-bfdd-2c04d74ef6d0,Ministration 11,Levites,12,MINISTER,,0,18,2025-12-20 15:00:32.933665+00
6e3d6621-e30a-487d-b421-0acbc4ea052b,46ce95fe-192e-4764-93e2-6cecc414cb66,Highlights / 1st Timers / Prophetic Blessings / Closing,,10,TALK,,10,5,2025-12-24 15:21:33.573662+00
6f8c4e80-279b-402d-94fb-50964d7a91b1,061b2cdd-4c3d-47dc-99f5-d3237819dceb,Testimonies (Doc. & Live),Pastor,5,TALK,TO GOD TO THE GLORY,5,12,2026-02-23 23:06:19.195111+00
7392c7da-89d7-4240-b56c-f926410f5d97,4e3b1012-0c6d-4d67-a7ea-b768ae18421f,Set 3 - I am the wind,,3,RECORDING,"Judgement of the Lord : 3 minutes 
Ah ya eh : 2 minutes
I am the wind : 3 minutes
Release your sound : 2 minutes
Heir of Zion : 3 minutes
I will not fall, I will not fail : 2 minutes
I am the wind : 2 minutes
Heir of Zion : 2 minutes
Ah ya eh : 1 minute",,16,2025-12-20 17:59:55.737213+00
75d4c7c3-b1ec-42df-896e-bc256a2140c5,763f4b14-7587-43c7-a6a2-148d85c24295,Water break,,5,BREAK,,,4,2026-02-24 23:29:01.046398+00
7630d72c-acc6-4744-9b25-5da816ce2bd5,46ce95fe-192e-4764-93e2-6cecc414cb66,Welcome/Call To Worship,Pastor,4,TALK,Psalms 150:1-6,4,9,2025-12-24 15:21:33.573662+00
76d3ad4c-e60c-41f7-b635-7dfe708a2c36,2bb738e8-1625-4573-b229-163577715396,Shiloh Thanksgiving Offering / High Praise Ministration,Resident Pastor,15,TALK,,8,11,2025-12-17 13:44:32.81145+00
79798c68-03ed-49c5-8784-6aa243a086a8,763f4b14-7587-43c7-a6a2-148d85c24295,Welcome to Zion,,5,RECORDING,,,9,2026-02-24 23:29:01.046398+00
7a4b3133-13c5-4d6a-ba33-b22c95b2214e,536bb048-87bf-4d00-b2c9-c7431bf596c7,Feature Demo 1,Jamie Lee,3,TALK,,,1,2025-12-14 10:38:13.987825+00
7d020fd8-ac9b-4a37-b89b-52089199d3ad,6a3dbede-fd10-4cf8-9d52-f1d984acd97d,Marriage Thanksgiving and Children dedication,TBA,6,TALK,,6,12,2026-02-25 00:10:58.743395+00
7d3791d2-557b-41bf-b0ac-e63de6d6056b,061b2cdd-4c3d-47dc-99f5-d3237819dceb,Welcome/Call To Worship,Pastor,3,TALK,Psalms 126:1-6,3,9,2026-02-23 23:06:19.195111+00
7e461e3b-36a5-4ba6-8e4d-2214b32e4b8d,241b69d7-3f8e-476e-a8e4-de537f3b3b0b,Highlights / 1st Timers / Prophetic Blessings / Closing,,3,TALK,,,12,2026-02-23 23:07:44.577075+00
88e60182-b81f-4f53-8684-83485d015de8,11c7f659-e48c-4a07-84fd-6d91034ec9bd,Interactive Q&A,Taylor Kim,3,TALK,,,2,2025-12-14 14:26:14.337665+00
895bb0e0-5d1d-4aa6-bfde-dbd6e2c6d218,b7640061-ae33-4b3c-bfdd-2c04d74ef6d0,Ministration 10 (Comedy),Woli3310,7,MINISTER,,0,17,2025-12-20 15:00:32.933665+00
8aa60cd5-7650-4f4e-821f-473170e71f58,061b2cdd-4c3d-47dc-99f5-d3237819dceb,"Offering, Tithe & Other Giving",Pastor,2,TALK,,2,2,2026-02-23 23:06:19.195111+00
8b3b9345-b062-41a6-8a8b-b903079dbf9c,4e3b1012-0c6d-4d67-a7ea-b768ae18421f,Set 2 - Thank you for winning my battles for me,,3,RECORDING,"Enter His gate with Thanksgiving Worship (Grace Idowu/Victor Thompson Style)

I will enter His gates with thanksgiving in my heart : 3 Minutes
Thank you Jesus, thank you my Lord: 3minutes
I’m coming back to the heart of worship: 3minutes
Oh Lord I am very very grateful : 3 minutes
I will never be ungrateful to you Lord : 3 minutes
Thank you for winning my battles for me : 3 minutes",,29,2025-12-20 17:59:55.737213+00